{"cameraMatrix":[572.960128943601,0,319.5,0,572.960128943601,239.5,0,0,1],"distortionCoefficients":[0.10912315695644716,-0.2729377248661032,0,0,0]}